+Blog 	 blog/
News 	 tags/news/
Tags 	 tags/
рдкреНрд░рд╡реЗрд╢рдГ Entry 	 
рд╕реНрд╡рдкреНрдиреЗрд╖реБ рдХрд╛ рднрд╛рд╖рд╛? 	 blog/2014-02-20-svapna-bhAShA/
рдХрд╛рд▓рд┐рдлрд╝реЛрд░реНрдирд┐рдпрд╛рдпрд╛рдВ рдХрд╛рд░реНрдпрдХрд░реНрддреГрджреГрдвреАрдХрд░рдгрдХрд╛рд░реНрдпрдХреНрд░рдордГ 	 blog/2015-01-12-sb-ca-kaaryakartR-dRDhiikaraNam/
+Inactive 	 inactive/
+Interests 	 interests/
+Intro 	 intro/
+рдЪрд┐рддреНрд░рд╛рдгрд┐ 	 images/
Calendar рдХрд╛рд░реНрдпрд╛рд╡рдХрд╛рд╢рд╕реВрдЪрд┐рдГ 	 intro/calendar/
Categories 	 categories/
Dharma Via Vishvas 	 interests/dharma-via-vishvas/
Google site search 	 inactive/google-site-search/
Spaceship earth 	 interests/spaceship-earth/
рдЬрд╛рд▓рдХреНрд╖реЗрддреНрд░рдорд┐рджрдордиреНрд╡рд┐рд╖реНрдпрддрд╛рдореН 	 full_search/
рд░рд╣рд╕реНрдпреЛрдкрджреЗрд╢рд╛рджрд┐ 	 intro/rahasyopadeshAdi/
рд╡рдзреВ-рд╡рд┐рдЬреНрдЮрд╛рдкрдирдореН 	 interests/vadhU-viJNApanam/
рд╡реИрдЪрд╛рд░рд┐рдХ рдЗрддрд┐рд╣рд╛рд╕рдГ 	 intro/vaichaarika-itihaasa/
рд╕рдВрдкрд░реНрдХрдГ Contact 	 intro/contact/
ЁЯе╜ЁЯФж 	 search/
